Asset Number,Panel,,,,,,,,,,,,,,,,,,,,,,,,,,,,,,
119,SBP1,,,,,,,,,,,,,,,,,,,,,,,,,,,,,,
257,EP8,,,,,,,,,,,,,,,,,,,,,,,,,,,,,,
314,N/A,,,,,,,,,,,,,,,,,,,,,,,,,,,,,,
394,P10,,,,,,,,,,,,,,,,,,,,,,,,,,,,,,
403,N/A,,,,,,,,,,,,,,,,,,,,,,,,,,,,,,
412,N/A,,,,,,,,,,,,,,,,,,,,,,,,,,,,,,
440,SBP2,,,,,,,,,,,,,,,,,,,,,,,,,,,,,,
527,SBP1,,,,,,,,,,,,,,,,,,,,,,,,,,,,,,
759,N/A,,,,,,,,,,,,,,,,,,,,,,,,,,,,,,
760,N/A,,,,,,,,,,,,,,,,,,,,,,,,,,,,,,
813,SBP1,,,,,,,,,,,,,,,,,,,,,,,,,,,,,,
836,EP8,,,,,,,,,,,,,,,,,,,,,,,,,,,,,,
873,SBP1,,,,,,,,,,,,,,,,,,,,,,,,,,,,,,
883,SBP1,,,,,,,,,,,,,,,,,,,,,,,,,,,,,,
884,UPS2,,,,,,,,,,,,,,,,,,,,,,,,,,,,,,
885,UPS2,,,,,,,,,,,,,,,,,,,,,,,,,,,,,,
886,N/A,,,,,,,,,,,,,,,,,,,,,,,,,,,,,,
887,SBP1,,,,,,,,,,,,,,,,,,,,,,,,,,,,,,
891,N/A,,,,,,,,,,,,,,,,,,,,,,,,,,,,,,
894,UPS2,,,,,,,,,,,,,,,,,,,,,,,,,,,,,,
1023,N/A,,,,,,,,,,,,,,,,,,,,,,,,,,,,,,
1034,SBP1,,,,,,,,,,,,,,,,,,,,,,,,,,,,,,
1106,N/A,,,,,,,,,,,,,,,,,,,,,,,,,,,,,,
1129,N/A,,,,,,,,,,,,,,,,,,,,,,,,,,,,,,
1130,N/A,,,,,,,,,,,,,,,,,,,,,,,,,,,,,,
1146,SBP1,,,,,,,,,,,,,,,,,,,,,,,,,,,,,,
1147,SBP1,,,,,,,,,,,,,,,,,,,,,,,,,,,,,,
1173,P10,,,,,,,,,,,,,,,,,,,,,,,,,,,,,,
1174,P10,,,,,,,,,,,,,,,,,,,,,,,,,,,,,,
1177,N/A,,,,,,,,,,,,,,,,,,,,,,,,,,,,,,
1210,SBP4,,,,,,,,,,,,,,,,,,,,,,,,,,,,,,
1223,N/A,,,,,,,,,,,,,,,,,,,,,,,,,,,,,,
1224,N/A,,,,,,,,,,,,,,,,,,,,,,,,,,,,,,
1356,SBP1,,,,,,,,,,,,,,,,,,,,,,,,,,,,,,
1519,SBP4,,,,,,,,,,,,,,,,,,,,,,,,,,,,,,
1587,UPS2,,,,,,,,,,,,,,,,,,,,,,,,,,,,,,
1588,UPS2,,,,,,,,,,,,,,,,,,,,,,,,,,,,,,
1593,SBP1,,,,,,,,,,,,,,,,,,,,,,,,,,,,,,
1623,SBP1,,,,,,,,,,,,,,,,,,,,,,,,,,,,,,
1625,P10,,,,,,,,,,,,,,,,,,,,,,,,,,,,,,
1630,N/A,,,,,,,,,,,,,,,,,,,,,,,,,,,,,,
1631,N/A,,,,,,,,,,,,,,,,,,,,,,,,,,,,,,
1632,N/A,,,,,,,,,,,,,,,,,,,,,,,,,,,,,,
1639,N/A,,,,,,,,,,,,,,,,,,,,,,,,,,,,,,
1640,N/A,,,,,,,,,,,,,,,,,,,,,,,,,,,,,,
1641,NP1,,,,,,,,,,,,,,,,,,,,,,,,,,,,,,
1653,N/A,,,,,,,,,,,,,,,,,,,,,,,,,,,,,,
1654,N/A,,,,,,,,,,,,,,,,,,,,,,,,,,,,,,
1655,SBP1,,,,,,,,,,,,,,,,,,,,,,,,,,,,,,
1658,N/A,,,,,,,,,,,,,,,,,,,,,,,,,,,,,,
1662,N/A,,,,,,,,,,,,,,,,,,,,,,,,,,,,,,
1664,N/A,,,,,,,,,,,,,,,,,,,,,,,,,,,,,,
1665,N/A,,,,,,,,,,,,,,,,,,,,,,,,,,,,,,
1676,N/A,,,,,,,,,,,,,,,,,,,,,,,,,,,,,,
1691,N/A,,,,,,,,,,,,,,,,,,,,,,,,,,,,,,
1692,SBP1,,,,,,,,,,,,,,,,,,,,,,,,,,,,,,
1708,NP1,,,,,,,,,,,,,,,,,,,,,,,,,,,,,,
1711,P10,,,,,,,,,,,,,,,,,,,,,,,,,,,,,,
1729,SBP1,,,,,,,,,,,,,,,,,,,,,,,,,,,,,,
1730,SBP1,,,,,,,,,,,,,,,,,,,,,,,,,,,,,,
1737,EP8,,,,,,,,,,,,,,,,,,,,,,,,,,,,,,
1753,N/A,,,,,,,,,,,,,,,,,,,,,,,,,,,,,,
1777,N/A,,,,,,,,,,,,,,,,,,,,,,,,,,,,,,
1779,SBP2,,,,,,,,,,,,,,,,,,,,,,,,,,,,,,
1780,SBP1,,,,,,,,,,,,,,,,,,,,,,,,,,,,,,
,,,,,,,,,,,,,,,,,,,,,,,,,,,,,,,
,,,,,,,,,,,,,,,,,,,,,,,,,,,,,,,
,,,,,,,,,,,,,,,,,,,,,,,,,,,,,,,
,,,,,,,,,,,,,,,,,,,,,,,,,,,,,,,
,,,,,,,,,,,,,,,,,,,,,,,,,,,,,,,
,,,,,,,,,,,,,,,,,,,,,,,,,,,,,,,
,,,,,,,,,,,,,,,,,,,,,,,,,,,,,,,
,,,,,,,,,,,,,,,,,,,,,,,,,,,,,,,
,,,,,,,,,,,,,,,,,,,,,,,,,,,,,,,
,,,,,,,,,,,,,,,,,,,,,,,,,,,,,,,
,,,,,,,,,,,,,,,,,,,,,,,,,,,,,,,
,,,,,,,,,,,,,,,,,,,,,,,,,,,,,,,
,,,,,,,,,,,,,,,,,,,,,,,,,,,,,,,
,,,,,,,,,,,,,,,,,,,,,,,,,,,,,,,
,,,,,,,,,,,,,,,,,,,,,,,,,,,,,,,
,,,,,,,,,,,,,,,,,,,,,,,,,,,,,,,
,,,,,,,,,,,,,,,,,,,,,,,,,,,,,,,
,,,,,,,,,,,,,,,,,,,,,,,,,,,,,,,
,,,,,,,,,,,,,,,,,,,,,,,,,,,,,,,
,,,,,,,,,,,,,,,,,,,,,,,,,,,,,,,
,,,,,,,,,,,,,,,,,,,,,,,,,,,,,,,
,,,,,,,,,,,,,,,,,,,,,,,,,,,,,,,
,,,,,,,,,,,,,,,,,,,,,,,,,,,,,,,
,,,,,,,,,,,,,,,,,,,,,,,,,,,,,,,
,,,,,,,,,,,,,,,,,,,,,,,,,,,,,,,
